{"cameraMode":{"drawMode":0,"name":"Shaded","section":"Shading Mode"},"sceneLighting":false,"audioPlay":false,"sceneViewState":{"showFog":true,"showMaterialUpdate":true,"showSkybox":false,"showFlares":true,"showImageEffects":true,"showParticleSystems":true},"in2DMode":false,"pivot":{"x":26.14877700805664,"y":0.10020016878843308,"z":-3.057758092880249},"rotation":{"x":-0.035169556736946109,"y":0.9569191932678223,"z":-0.13766178488731385,"w":-0.25448906421661379},"size":13.618762016296387,"orthographic":false}