{"cameraMode":{"drawMode":0,"name":"Shaded","section":"Shading Mode"},"sceneLighting":true,"audioPlay":false,"sceneViewState":{"showFog":true,"showMaterialUpdate":true,"showSkybox":true,"showFlares":true,"showImageEffects":true,"showParticleSystems":true},"in2DMode":false,"pivot":{"x":-10.594280242919922,"y":-17.28782081604004,"z":31.237411499023439},"rotation":{"x":0.1595950573682785,"y":-0.17528824508190156,"z":0.030909761786460878,"w":0.9713830351829529},"size":71.13711547851563,"orthographic":false}