{"cameraMode":{"drawMode":0,"name":"Shaded","section":"Shading Mode"},"sceneLighting":true,"audioPlay":false,"sceneViewState":{"showFog":true,"showMaterialUpdate":true,"showSkybox":true,"showFlares":true,"showImageEffects":true,"showParticleSystems":true},"in2DMode":false,"pivot":{"x":-26.60588836669922,"y":-45.4491081237793,"z":-22.289182662963868},"rotation":{"x":0.32949116826057436,"y":-0.6221731305122376,"z":0.3290887773036957,"w":0.629901111125946},"size":71.13711547851563,"orthographic":false}