{"cameraMode":{"drawMode":0,"name":"Shaded","section":"Shading Mode"},"sceneLighting":true,"audioPlay":false,"sceneViewState":{"showFog":true,"showMaterialUpdate":true,"showSkybox":true,"showFlares":true,"showImageEffects":true,"showParticleSystems":true},"in2DMode":false,"pivot":{"x":-10.572486877441407,"y":5.228356838226318,"z":-8.317440032958985},"rotation":{"x":0.006626051384955645,"y":-0.6225867867469788,"z":0.005668723955750465,"w":0.7827850580215454},"size":1.143153429031372,"orthographic":false}