{"cameraMode":{"drawMode":0,"name":"Shaded","section":"Shading Mode"},"sceneLighting":true,"audioPlay":false,"sceneViewState":{"showFog":true,"showMaterialUpdate":true,"showSkybox":true,"showFlares":true,"showImageEffects":true,"showParticleSystems":true},"in2DMode":false,"pivot":{"x":41.35533905029297,"y":19.42188835144043,"z":55.553070068359378},"rotation":{"x":-0.03085898794233799,"y":0.9321085214614868,"z":-0.08574478328227997,"w":-0.35154443979263308},"size":24.80995750427246,"orthographic":false}